id,email,username,password_hash,email_verified,registered_2fa
2,user2@example.com,user2,"$argon2id$v=19$m=65536,t=2,p=1$dummyhash2",false,true
3,user3@example.com,user3,"$argon2id$v=19$m=65536,t=2,p=1$dummyhash3",true,false
4,user4@example.com,user4,"$argon2id$v=19$m=65536,t=2,p=1$dummyhash4",false,true
5,user5@example.com,user5,"$argon2id$v=19$m=65536,t=2,p=1$dummyhash5",true,false
6,user6@example.com,user6,"$argon2id$v=19$m=65536,t=2,p=1$dummyhash6",false,true
7,user7@example.com,user7,"$argon2id$v=19$m=65536,t=2,p=1$dummyhash7",true,false
8,user8@example.com,user8,"$argon2id$v=19$m=65536,t=2,p=1$dummyhash8",false,true
9,user9@example.com,user9,"$argon2id$v=19$m=65536,t=2,p=1$dummyhash9",true,false
10,user10@example.com,user10,"$argon2id$v=19$m=65536,t=2,p=1$dummyhash10",false,true
11,user11@example.com,user11,"$argon2id$v=19$m=65536,t=2,p=1$dummyhash11",true,false
12,user12@example.com,user12,"$argon2id$v=19$m=65536,t=2,p=1$dummyhash12",false,true
13,user13@example.com,user13,"$argon2id$v=19$m=65536,t=2,p=1$dummyhash13",true,false
14,user14@example.com,user14,"$argon2id$v=19$m=65536,t=2,p=1$dummyhash14",false,true
15,user15@example.com,user15,"$argon2id$v=19$m=65536,t=2,p=1$dummyhash15",true,false
16,user16@example.com,user16,"$argon2id$v=19$m=65536,t=2,p=1$dummyhash16",false,true
17,user17@example.com,user17,"$argon2id$v=19$m=65536,t=2,p=1$dummyhash17",true,false
18,user18@example.com,user18,"$argon2id$v=19$m=65536,t=2,p=1$dummyhash18",false,true
19,user19@example.com,user19,"$argon2id$v=19$m=65536,t=2,p=1$dummyhash19",true,false
20,user20@example.com,user20,"$argon2id$v=19$m=65536,t=2,p=1$dummyhash20",false,true
21,user21@example.com,user21,"$argon2id$v=19$m=65536,t=2,p=1$dummyhash21",true,false
22,user22@example.com,user22,"$argon2id$v=19$m=65536,t=2,p=1$dummyhash22",false,true
23,user23@example.com,user23,"$argon2id$v=19$m=65536,t=2,p=1$dummyhash23",true,false
24,user24@example.com,user24,"$argon2id$v=19$m=65536,t=2,p=1$dummyhash24",false,true
25,user25@example.com,user25,"$argon2id$v=19$m=65536,t=2,p=1$dummyhash25",true,false
26,user26@example.com,user26,"$argon2id$v=19$m=65536,t=2,p=1$dummyhash26",false,true
27,user27@example.com,user27,"$argon2id$v=19$m=65536,t=2,p=1$dummyhash27",true,false
28,user28@example.com,user28,"$argon2id$v=19$m=65536,t=2,p=1$dummyhash28",false,true
29,user29@example.com,user29,"$argon2id$v=19$m=65536,t=2,p=1$dummyhash29",true,false
30,user30@example.com,user30,"$argon2id$v=19$m=65536,t=2,p=1$dummyhash30",false,true
31,user31@example.com,user31,"$argon2id$v=19$m=65536,t=2,p=1$dummyhash31",true,false
32,user32@example.com,user32,"$argon2id$v=19$m=65536,t=2,p=1$dummyhash32",false,true
33,user33@example.com,user33,"$argon2id$v=19$m=65536,t=2,p=1$dummyhash33",true,false
34,user34@example.com,user34,"$argon2id$v=19$m=65536,t=2,p=1$dummyhash34",false,true
35,user35@example.com,user35,"$argon2id$v=19$m=65536,t=2,p=1$dummyhash35",true,false
36,user36@example.com,user36,"$argon2id$v=19$m=65536,t=2,p=1$dummyhash36",false,true
37,user37@example.com,user37,"$argon2id$v=19$m=65536,t=2,p=1$dummyhash37",true,false
38,user38@example.com,user38,"$argon2id$v=19$m=65536,t=2,p=1$dummyhash38",false,true
39,user39@example.com,user39,"$argon2id$v=19$m=65536,t=2,p=1$dummyhash39",true,false
40,user40@example.com,user40,"$argon2id$v=19$m=65536,t=2,p=1$dummyhash40",false,true
41,user41@example.com,user41,"$argon2id$v=19$m=65536,t=2,p=1$dummyhash41",true,false
42,user42@example.com,user42,"$argon2id$v=19$m=65536,t=2,p=1$dummyhash42",false,true
43,user43@example.com,user43,"$argon2id$v=19$m=65536,t=2,p=1$dummyhash43",true,false
44,user44@example.com,user44,"$argon2id$v=19$m=65536,t=2,p=1$dummyhash44",false,true
45,user45@example.com,user45,"$argon2id$v=19$m=65536,t=2,p=1$dummyhash45",true,false
46,user46@example.com,user46,"$argon2id$v=19$m=65536,t=2,p=1$dummyhash46",false,true
47,user47@example.com,user47,"$argon2id$v=19$m=65536,t=2,p=1$dummyhash47",true,false
48,user48@example.com,user48,"$argon2id$v=19$m=65536,t=2,p=1$dummyhash48",false,true
49,user49@example.com,user49,"$argon2id$v=19$m=65536,t=2,p=1$dummyhash49",true,false
50,user50@example.com,user50,"$argon2id$v=19$m=65536,t=2,p=1$dummyhash50",false,true
51,user51@example.com,user51,"$argon2id$v=19$m=65536,t=2,p=1$dummyhash51",true,false
52,user52@example.com,user52,"$argon2id$v=19$m=65536,t=2,p=1$dummyhash52",false,true
53,user53@example.com,user53,"$argon2id$v=19$m=65536,t=2,p=1$dummyhash53",true,false
54,user54@example.com,user54,"$argon2id$v=19$m=65536,t=2,p=1$dummyhash54",false,true
55,user55@example.com,user55,"$argon2id$v=19$m=65536,t=2,p=1$dummyhash55",true,false
56,user56@example.com,user56,"$argon2id$v=19$m=65536,t=2,p=1$dummyhash56",false,true
57,user57@example.com,user57,"$argon2id$v=19$m=65536,t=2,p=1$dummyhash57",true,false
58,user58@example.com,user58,"$argon2id$v=19$m=65536,t=2,p=1$dummyhash58",false,true
59,user59@example.com,user59,"$argon2id$v=19$m=65536,t=2,p=1$dummyhash59",true,false
60,user60@example.com,user60,"$argon2id$v=19$m=65536,t=2,p=1$dummyhash60",false,true
61,user61@example.com,user61,"$argon2id$v=19$m=65536,t=2,p=1$dummyhash61",true,false
62,user62@example.com,user62,"$argon2id$v=19$m=65536,t=2,p=1$dummyhash62",false,true
63,user63@example.com,user63,"$argon2id$v=19$m=65536,t=2,p=1$dummyhash63",true,false
64,user64@example.com,user64,"$argon2id$v=19$m=65536,t=2,p=1$dummyhash64",false,true
65,user65@example.com,user65,"$argon2id$v=19$m=65536,t=2,p=1$dummyhash65",true,false
66,user66@example.com,user66,"$argon2id$v=19$m=65536,t=2,p=1$dummyhash66",false,true
67,user67@example.com,user67,"$argon2id$v=19$m=65536,t=2,p=1$dummyhash67",true,false
68,user68@example.com,user68,"$argon2id$v=19$m=65536,t=2,p=1$dummyhash68",false,true
69,user69@example.com,user69,"$argon2id$v=19$m=65536,t=2,p=1$dummyhash69",true,false
70,user70@example.com,user70,"$argon2id$v=19$m=65536,t=2,p=1$dummyhash70",false,true
71,user71@example.com,user71,"$argon2id$v=19$m=65536,t=2,p=1$dummyhash71",true,false
72,user72@example.com,user72,"$argon2id$v=19$m=65536,t=2,p=1$dummyhash72",false,true
73,user73@example.com,user73,"$argon2id$v=19$m=65536,t=2,p=1$dummyhash73",true,false
74,user74@example.com,user74,"$argon2id$v=19$m=65536,t=2,p=1$dummyhash74",false,true
75,user75@example.com,user75,"$argon2id$v=19$m=65536,t=2,p=1$dummyhash75",true,false
76,user76@example.com,user76,"$argon2id$v=19$m=65536,t=2,p=1$dummyhash76",false,true
77,user77@example.com,user77,"$argon2id$v=19$m=65536,t=2,p=1$dummyhash77",true,false
78,user78@example.com,user78,"$argon2id$v=19$m=65536,t=2,p=1$dummyhash78",false,true
79,user79@example.com,user79,"$argon2id$v=19$m=65536,t=2,p=1$dummyhash79",true,false
80,user80@example.com,user80,"$argon2id$v=19$m=65536,t=2,p=1$dummyhash80",false,true
81,user81@example.com,user81,"$argon2id$v=19$m=65536,t=2,p=1$dummyhash81",true,false
82,user82@example.com,user82,"$argon2id$v=19$m=65536,t=2,p=1$dummyhash82",false,true
83,user83@example.com,user83,"$argon2id$v=19$m=65536,t=2,p=1$dummyhash83",true,false
84,user84@example.com,user84,"$argon2id$v=19$m=65536,t=2,p=1$dummyhash84",false,true
85,user85@example.com,user85,"$argon2id$v=19$m=65536,t=2,p=1$dummyhash85",true,false
86,user86@example.com,user86,"$argon2id$v=19$m=65536,t=2,p=1$dummyhash86",false,true
87,user87@example.com,user87,"$argon2id$v=19$m=65536,t=2,p=1$dummyhash87",true,false
88,user88@example.com,user88,"$argon2id$v=19$m=65536,t=2,p=1$dummyhash88",false,true
89,user89@example.com,user89,"$argon2id$v=19$m=65536,t=2,p=1$dummyhash89",true,false
90,user90@example.com,user90,"$argon2id$v=19$m=65536,t=2,p=1$dummyhash90",false,true
91,user91@example.com,user91,"$argon2id$v=19$m=65536,t=2,p=1$dummyhash91",true,false
92,user92@example.com,user92,"$argon2id$v=19$m=65536,t=2,p=1$dummyhash92",false,true
93,user93@example.com,user93,"$argon2id$v=19$m=65536,t=2,p=1$dummyhash93",true,false
94,user94@example.com,user94,"$argon2id$v=19$m=65536,t=2,p=1$dummyhash94",false,true
95,user95@example.com,user95,"$argon2id$v=19$m=65536,t=2,p=1$dummyhash95",true,false
96,user96@example.com,user96,"$argon2id$v=19$m=65536,t=2,p=1$dummyhash96",false,true
97,user97@example.com,user97,"$argon2id$v=19$m=65536,t=2,p=1$dummyhash97",true,false
98,user98@example.com,user98,"$argon2id$v=19$m=65536,t=2,p=1$dummyhash98",false,true
99,user99@example.com,user99,"$argon2id$v=19$m=65536,t=2,p=1$dummyhash99",true,false
100,user100@example.com,user100,"$argon2id$v=19$m=65536,t=2,p=1$dummyhash100",false,true
